,POSITION,GP,W,L,W_PCT,PLUS_MINUS,MIN,DD2,TD3
0,1,0.07266902829594296,0.9074202948480927,-0.28210025998871835,0.7484141095610514,-6.294250545294355,0.976902065067094,2.6680590847661287,inf
1,2,0.013962447319128254,0.24150268272159728,-0.1705296354396309,0.229908043755868,6.664899554605109,0.27214073363421476,1.2853221628293239,inf
2,3,0.20219524101849015,0.529844066360277,-0.04900219174354748,0.2558099189053595,-1.590495813965602,-0.08214688570651123,0.072635481744801,inf
