,POSITION,GP,W,L,W_PCT,PLUS_MINUS,MIN,DD2,TD3
0,1,4.142134612868754,15.42614501241751,11.28401039954877,0.22302740464919202,75.53100654353238,801.8151642527722,2.6680590847661394,0.4519899506680233
1,2,0.9354839703815975,7.24508048164794,6.3095965112663235,0.1029988036026285,79.97879465526113,397.48421977652606,5.1412886513173115,0.483493485813225
2,3,10.716347773979972,12.186413526286382,1.4700657523064253,0.11102150480492587,205.17396000156236,144.08057177721983,1.0168967444272137,0.04843869629551899
